productCode,productName,productCategory,productCategoryName,"productGroup","productGroupName",width,"height","color","colorName","price","quantity"
G-U1-900x850,900x850mm Glass Panel - Clear,G,Glass Panel,"G-U1-850",850mm Glass Panel - Clear,900,850,U1,Clear,15300,139
G-U1-950x850,950x850mm Glass Panel - Clear,G,Glass Panel,"G-U1-850",850mm Glass Panel - Clear,950,850,U1,Clear,16150,142
G-U1-1000x850,1000x850mm Glass Panel - Clear,G,Glass Panel,"G-U1-850",850mm Glass Panel - Clear,1000,850,U1,Clear,17000,42
G-U1-1050x850,1050x850mm Glass Panel - Clear,G,Glass Panel,"G-U1-850",850mm Glass Panel - Clear,1050,850,U1,Clear,17850,60
G-U1-1100x850,1100x850mm Glass Panel - Clear,G,Glass Panel,"G-U1-850",850mm Glass Panel - Clear,1100,850,U1,Clear,18700,20
G-U1-1150x850,1150x850mm Glass Panel - Clear,G,Glass Panel,"G-U1-850",850mm Glass Panel - Clear,1150,850,U1,Clear,19550,80
G-U1-1200x850,1200x850mm Glass Panel - Clear,G,Glass Panel,"G-U1-850",850mm Glass Panel - Clear,1200,850,U1,Clear,20400,108
G-U1-1250x850,1250x850mm Glass Panel - Clear,G,Glass Panel,"G-U1-850",850mm Glass Panel - Clear,1250,850,U1,Clear,21250,22
G-U1-1300x850,1300x850mm Glass Panel - Clear,G,Glass Panel,"G-U1-850",850mm Glass Panel - Clear,1300,850,U1,Clear,22100,75
G-U1-1500x850,1500x850mm Glass Panel - Clear,G,Glass Panel,"G-U1-850",850mm Glass Panel - Clear,1500,850,U1,Clear,25500,86
G-U1-850x900,850x900mm Glass Panel - Clear,G,Glass Panel,"G-U1-900",900mm Glass Panel - Clear,850,900,U1,Clear,16150,127
G-U1-900x900,900x900mm Glass Panel - Clear,G,Glass Panel,"G-U1-900",900mm Glass Panel - Clear,900,900,U1,Clear,17100,105
G-U1-950x900,950x900mm Glass Panel - Clear,G,Glass Panel,"G-U1-900",900mm Glass Panel - Clear,950,900,U1,Clear,18050,103
G-U1-1000x900,1000x900mm Glass Panel - Clear,G,Glass Panel,"G-U1-900",900mm Glass Panel - Clear,1000,900,U1,Clear,19000,164
G-U1-1050x900,1050x900mm Glass Panel - Clear,G,Glass Panel,"G-U1-900",900mm Glass Panel - Clear,1050,900,U1,Clear,19950,73
G-U1-1100x900,1100x900mm Glass Panel - Clear,G,Glass Panel,"G-U1-900",900mm Glass Panel - Clear,1100,900,U1,Clear,20900,851
G-U1-1150x900,1150x900mm Glass Panel - Clear,G,Glass Panel,"G-U1-900",900mm Glass Panel - Clear,1150,900,U1,Clear,21850,78
G-U1-1200x900,1200x900mm Glass Panel - Clear,G,Glass Panel,"G-U1-900",900mm Glass Panel - Clear,1200,900,U1,Clear,22800,148
G-U1-1500x900,1500x900mm Glass Panel - Clear,G,Glass Panel,"G-U1-900",900mm Glass Panel - Clear,1500,900,U1,Clear,28500,33
G-U1-400x1000,400x1000mm Glass Panel - Clear,G,Glass Panel,"G-U1-1000",1000mm Glass Panel - Clear,400,1000,"U1","Clear",13200,42
G-U1-500x1000,500x1000mm Glass Panel - Clear,G,Glass Panel,"G-U1-1000",1000mm Glass Panel - Clear,500,1000,"U1","Clear",16500,27
G-U1-600x1000,600x1000mm Glass Panel - Clear,G,Glass Panel,"G-U1-1000",1000mm Glass Panel - Clear,600,1000,"U1","Clear",19800,23
G-U1-700x1000,700x1000mm Glass Panel - Clear,G,Glass Panel,"G-U1-1000",1000mm Glass Panel - Clear,700,1000,"U1","Clear",23100,37
G-U1-800x1000,800x1000mm Glass Panel - Clear,G,Glass Panel,"G-U1-1000",1000mm Glass Panel - Clear,800,1000,"U1","Clear",26400,59
G-U1-850x1000,850x1000mm Glass Panel - Clear,G,Glass Panel,"G-U1-1000",1000mm Glass Panel - Clear,850,1000,"U1","Clear",28050,45
G-U1-900x1000,900x1000mm Glass Panel - Clear,G,Glass Panel,"G-U1-1000",1000mm Glass Panel - Clear,900,1000,"U1","Clear",29700,44
G-U1-950x1000,950x1000mm Glass Panel - Clear,G,Glass Panel,"G-U1-1000",1000mm Glass Panel - Clear,950,1000,"U1","Clear",31350,65
G-U1-1000x1000,1000x1000mm Glass Panel - Clear,G,Glass Panel,"G-U1-1000",1000mm Glass Panel - Clear,1000,1000,"U1","Clear",33000,84
G-U1-1050x1000,1050x1000mm Glass Panel - Clear,G,Glass Panel,"G-U1-1000",1000mm Glass Panel - Clear,1050,1000,"U1","Clear",34650,71
G-U1-1100x1000,1100x1000mm Glass Panel - Clear,G,Glass Panel,"G-U1-1000",1000mm Glass Panel - Clear,1100,1000,"U1","Clear",36300,36
G-U1-1150x1000,1150x1000mm Glass Panel - Clear,G,Glass Panel,"G-U1-1000",1000mm Glass Panel - Clear,1150,1000,"U1","Clear",37950,72
G-U1-1200x1000,1200x1000mm Glass Panel - Clear,G,Glass Panel,"G-U1-1000",1000mm Glass Panel - Clear,1200,1000,"U1","Clear",39600,65
G-U1-1250x1000,1250x1000mm Glass Panel - Clear,G,Glass Panel,"G-U1-1000",1000mm Glass Panel - Clear,1250,1000,"U1","Clear",41250,48
G-U1-1300x1000,1300x1000mm Glass Panel - Clear,G,Glass Panel,"G-U1-1000",1000mm Glass Panel - Clear,1300,1000,"U1","Clear",42900,27
G-U1-1350x1000,1350x1000mm Glass Panel - Clear,G,Glass Panel,"G-U1-1000",1000mm Glass Panel - Clear,1350,1000,"U1","Clear",44550,6
G-U1-1400x1000,1400x1000mm Glass Panel - Clear,G,Glass Panel,"G-U1-1000",1000mm Glass Panel - Clear,1400,1000,"U1","Clear",46200,22
G-U1-1450x1000,1450x1000mm Glass Panel - Clear,G,Glass Panel,"G-U1-1000",1000mm Glass Panel - Clear,1450,1000,"U1","Clear",47850,7
G-U1-1500x1000,1500x1000mm Glass Panel - Clear,G,Glass Panel,"G-U1-1000",1000mm Glass Panel - Clear,1500,1000,"U1","Clear",49500,19
G-U2-400x1000,400x1000mm Glass Panel - Grey / Clear,G,Glass Panel,"G-U2-1000",1000mm Glass Panel - Grey/Clear,400,1000,"U2","Grey / Clear",13520,21
G-U2-500x1000,500x1000mm Glass Panel - Grey / Clear,G,Glass Panel,"G-U2-1000",1000mm Glass Panel - Grey/Clear,500,1000,"U2","Grey / Clear",16900,24
G-U2-600x1000,600x1000mm Glass Panel - Grey / Clear,G,Glass Panel,"G-U2-1000",1000mm Glass Panel - Grey/Clear,600,1000,"U2","Grey / Clear",20280,25
G-U2-700x1000,700x1000mm Glass Panel - Grey / Clear,G,Glass Panel,"G-U2-1000",1000mm Glass Panel - Grey/Clear,700,1000,"U2","Grey / Clear",23660,22
G-U2-800x1000,800x1000mm Glass Panel - Grey / Clear,G,Glass Panel,"G-U2-1000",1000mm Glass Panel - Grey/Clear,800,1000,"U2","Grey / Clear",27040,12
G-U2-850x1000,850x1000mm Glass Panel - Grey / Clear,G,Glass Panel,"G-U2-1000",1000mm Glass Panel - Grey/Clear,850,1000,"U2","Grey / Clear",28730,3
G-U2-900x1000,900x1000mm Glass Panel - Grey / Clear,G,Glass Panel,"G-U2-1000",1000mm Glass Panel - Grey/Clear,900,1000,"U2","Grey / Clear",30420,3
G-U2-950x1000,950x1000mm Glass Panel - Grey / Clear,G,Glass Panel,"G-U2-1000",1000mm Glass Panel - Grey/Clear,950,1000,"U2","Grey / Clear",32110,1
G-U2-1000x1000,1000x1000mm Glass Panel - Grey / Clear,G,Glass Panel,"G-U2-1000",1000mm Glass Panel - Grey/Clear,1000,1000,"U2","Grey / Clear",33800,3
G-U2-1050x1000,1050x1000mm Glass Panel - Grey / Clear,G,Glass Panel,"G-U2-1000",1000mm Glass Panel - Grey/Clear,1050,1000,"U2","Grey / Clear",35490,6
G-U2-1100x1000,1100x1000mm Glass Panel - Grey / Clear,G,Glass Panel,"G-U2-1000",1000mm Glass Panel - Grey/Clear,1100,1000,"U2","Grey / Clear",37180,0
G-U2-1150x1000,1150x1000mm Glass Panel - Grey / Clear,G,Glass Panel,"G-U2-1000",1000mm Glass Panel - Grey/Clear,1150,1000,"U2","Grey / Clear",38780,2
G-U2-1200x1000,1200x1000mm Glass Panel - Grey / Clear,G,Glass Panel,"G-U2-1000",1000mm Glass Panel - Grey/Clear,1200,1000,"U2","Grey / Clear",40560,18
G-U2-1250x1000,1250x1000mm Glass Panel - Grey / Clear,G,Glass Panel,"G-U2-1000",1000mm Glass Panel - Grey/Clear,1250,1000,"U2","Grey / Clear",42250,3
G-U2-1300x1000,1300x1000mm Glass Panel - Grey / Clear,G,Glass Panel,"G-U2-1000",1000mm Glass Panel - Grey/Clear,1300,1000,"U2","Grey / Clear",43940,0
G-U2-1400x1000,1400x1000mm Glass Panel - Grey / Clear,G,Glass Panel,"G-U2-1000",1000mm Glass Panel - Grey/Clear,1400,1000,"U2","Grey / Clear",47320,5
G-U2-1500x1000,1500x1000mm Glass Panel - Grey / Clear,G,Glass Panel,"G-U2-1000",1000mm Glass Panel - Grey/Clear,1500,1000,"U2","Grey / Clear",50700,21
G-U3-400x1000,400x1000mm Glass Panel - Double Grey,G,Glass Panel,"G-U3-1000",1000mm Glass Panel - Double Grey,400,1000,"U3","Double Grey",13520,21
G-U3-500x1000,500x1000mm Glass Panel - Double Grey,G,Glass Panel,"G-U3-1000",1000mm Glass Panel - Double Grey,500,1000,"U3","Double Grey",16900,24
G-U3-600x1000,600x1000mm Glass Panel - Double Grey,G,Glass Panel,"G-U3-1000",1000mm Glass Panel - Double Grey,600,1000,"U3","Double Grey",20280,21
G-U3-700x1000,700x1000mm Glass Panel - Double Grey,G,Glass Panel,"G-U3-1000",1000mm Glass Panel - Double Grey,700,1000,"U3","Double Grey",23660,19
G-U3-800x1000,800x1000mm Glass Panel - Double Grey,G,Glass Panel,"G-U3-1000",1000mm Glass Panel - Double Grey,800,1000,"U3","Double Grey",27040,39
G-U3-850x1000,850x1000mm Glass Panel - Double Grey,G,Glass Panel,"G-U3-1000",1000mm Glass Panel - Double Grey,850,1000,"U3","Double Grey",28730,41
G-U3-900x1000,900x1000mm Glass Panel - Double Grey,G,Glass Panel,"G-U3-1000",1000mm Glass Panel - Double Grey,900,1000,"U3","Double Grey",30420,44
G-U3-950x1000,950x1000mm Glass Panel - Double Grey,G,Glass Panel,"G-U3-1000",1000mm Glass Panel - Double Grey,950,1000,"U3","Double Grey",32110,50
G-U3-1000x1000,1000x1000mm Glass Panel - Double Grey,G,Glass Panel,"G-U3-1000",1000mm Glass Panel - Double Grey,1000,1000,"U3","Double Grey",33800,57
G-U3-1050x1000,1050x1000mm Glass Panel - Double Grey,G,Glass Panel,"G-U3-1000",1000mm Glass Panel - Double Grey,1050,1000,"U3","Double Grey",35490,55
G-U3-1100x1000,1100x1000mm Glass Panel - Double Grey,G,Glass Panel,"G-U3-1000",1000mm Glass Panel - Double Grey,1100,1000,"U3","Double Grey",37180,33
G-U3-1150x1000,1150x1000mm Glass Panel - Double Grey,G,Glass Panel,"G-U3-1000",1000mm Glass Panel - Double Grey,1150,1000,"U3","Double Grey",38870,42
G-U3-1200x1000,1200x1000mm Glass Panel - Double Grey,G,Glass Panel,"G-U3-1000",1000mm Glass Panel - Double Grey,1200,1000,"U3","Double Grey",40560,44
G-U3-1250x1000,1250x1000mm Glass Panel - Double Grey,G,Glass Panel,"G-U3-1000",1000mm Glass Panel - Double Grey,1250,1000,"U3","Double Grey",42250,46
G-U3-1300x1000,1300x1000mm Glass Panel - Double Grey,G,Glass Panel,"G-U3-1000",1000mm Glass Panel - Double Grey,1300,1000,"U3","Double Grey",43940,15
G-U3-1350x1000,1350x1000mm Glass Panel - Double Grey,G,Glass Panel,"G-U3-1000",1000mm Glass Panel - Double Grey,1350,1000,"U3","Double Grey",45630,25
G-U3-1400x1000,1400x1000mm Glass Panel - Double Grey,G,Glass Panel,"G-U3-1000",1000mm Glass Panel - Double Grey,1400,1000,"U3","Double Grey",47320,23
G-U3-1450x1000,1450x1000mm Glass Panel - Double Grey,G,Glass Panel,"G-U3-1000",1000mm Glass Panel - Double Grey,1450,1000,"U3","Double Grey",49010,22
G-U3-1500x1000,1500x1000mm Glass Panel - Double Grey,G,Glass Panel,"G-U3-1000",1000mm Glass Panel - Double Grey,1500,1000,"U3","Double Grey",50700,24
R-TM-958I-F1,958 mm Top-Mounted - Start,R,Railing Component,"R-TM-958","958 mm Top-Mounted",,958,,,16000,
R-TM-958K-F1,958 mm Top-Mounted - Middle,R,Railing Component,"R-TM-958","958 mm Top-Mounted",,958,,,16000,
R-TM-958S-F1,958 mm Top-Mounted - Corner,R,Railing Component,"R-TM-958","958 mm Top-Mounted",,958,,,20000,
R-TM-1000I-F1,1000 mm Top-Mounted - Start,R,Railing Component,"R-TM-1000","1000 mm Top-Mounted",,1000,,,21000,
R-TM-1000K-F1,1000 mm Top-Mounted - Middle,R,Railing Component,"R-TM-1000","1000 mm Top-Mounted",,1000,,,21000,
R-TM-1000S-F1,1000 mm Top-Mounted - Corner,R,Railing Component,"R-TM-1000","1000 mm Top-Mounted",,1000,,,25000,
R-TM-448-F1,448 mm Top-Mounted,R,Railing Component,"R-TM-448","448 mm Top-Mounted",,448,,,15000,
R-TM-448-F2,448 mm Top-Mounted,R,Railing Component,"R-TM-448","448 mm Top-Mounted",,448,,,17000,
R-SM-628-F1,628 mm Side-Mounted,R,Railing Component,"R-SM-628","628 mm Side-Mounted",,628,,,19000,
R-SM-628-F2,628 mm Side-Mounted,R,Railing Component,"R-SM-628","628 mm Side-Mounted",,628,,,21000,
R-TM-102-F1-T,102 mm Top-Mounted,R,Railing Component,"R-TM-102","102 mm Top-Mounted",,102,,,58750,
R-SM-117-F1-T,117 mm Side-Mounted,R,Railing Component,"R-SM-117","117 mm Side-Mounted",,117,,,64625,
,,,,,,,,,,,
